{"17": 2349687.000000000, "18": 20544525.000000000, "19": 664884.000000000, "1": 92493612489.000000000, "2": 61443826230.000000000, "3": 1856268305.000000000, "4": 2101139858.000000000, "5": 4523521251.000000000, "6": 7130995481.000000000, "7": 2613998950.000000000, "8": 39269175310.000000000, "9": 1645669621.000000000, "10": 629793206.000000000, "11": 6030757349.000000000, "12": 13619015165.000000000, "13": 1153984382.000000000, "14": 26836212.000000000, "15": 478540709.000000000, "16": 0.000000000, "20": 2173789.000000000, "21": 96261.000000000, "22": 660397999.000000000, "23": 609222646.000000000, "24": 1002381522.000000000, "25": 2814138090.000000000, "26": 1534497430.000000000, "27": 1529053268.000000000, "28": 1540387266.000000000, "29": 5465276789.000000000, "30": 10427667275.000000000, "31": 19951848261.000000000, "32": 16245764503.000000000, "33": 1951834322.000000000, "34": 6820134250.000000000, "35": 11088448910.000000000, "36": 647563419.000000000, "37": 6115735284.000000000, "38": 565964800.000000000, "39": 575728542.000000000, "40": 409356496.000000000, "41": 180146739.000000000, "42": 89339235.000000000, "43": 15184122.000000000, "44": 433093599.000000000, "45": 197214316.000000000, "46": 66791993.000000000, "47": 25574918.000000000, "48": 311066229.000000000, "49": 84472716.000000000, "50": 182280357.000000000, "51": 45935713.000000000, "52": 116218035.000000000, "53": 352671482.000000000, "54": 48449366.000000000, "55": 9053020.000000000, "56": 2607869865.000000000, "57": 5895899922.000000000, "58": 702362381.000000000, "59": 419230096.000000000, "60": 48295738.000000000, "61": 1071171091.000000000, "62": 788544709.000000000, "63": 1771007732.000000000, "64": 3085884976.000000000, "65": 1563253701.000000000, "66": 3706049320.000000000, "67": 12994498755.000000000, "68": 10990996369.000000000, "69": 3698773435.000000000, "70": 1646930867.000000000, "71": 3661306825.000000000, "72": 1825959391.000000000, "73": 1846129790.000000000, "74": 4272857023.000000000, "75": 171885682.000000000, "76": 3208154164.000000000, "77": 2335959822.000000000, "78": 5744509331.000000000, "79": 8138118649.000000000, "80": 2807917627.000000000, "81": 1110583012.000000000, "82": 363478873.000000000, "83": 2721457316.000000000, "84": 983685611.000000000, "85": 1062058536.000000000, "86": 393732391.000000000, "87": 224420824.000000000, "88": 2494492385.000000000, "89": 210117897.000000000, "90": 859570642.000000000}