{"17": 301222.000000000, "18": 3209465.000000000, "19": 801323.000000000, "1": 10672784608.000000000, "2": 6132213377.000000000, "3": 187784363.000000000, "4": 206475926.000000000, "5": 451054727.000000000, "6": 868150404.000000000, "7": 2018479112.000000000, "8": 3997242792.000000000, "9": 163248956.000000000, "10": 151836340.000000000, "11": 600953577.000000000, "12": 1413131118.000000000, "13": 119995509.000000000, "14": 2684077.000000000, "15": 82439169.000000000, "16": 0.000000000, "20": 363369.000000000, "21": 66010.000000000, "22": 66050211.000000000, "23": 76287750.000000000, "24": 114200129.000000000, "25": 276315429.000000000, "26": 150894522.000000000, "27": 153112434.000000000, "28": 154008883.000000000, "29": 578111778.000000000, "30": 1183510460.000000000, "31": 2198085493.000000000, "32": 1664295003.000000000, "33": 219388373.000000000, "34": 706106969.000000000, "35": 1109168584.000000000, "36": 65701523.000000000, "37": 678698614.000000000, "38": 61687753.000000000, "39": 57411957.000000000, "40": 45710138.000000000, "41": 18235335.000000000, "42": 9432969.000000000, "43": 1523254.000000000, "44": 43424731.000000000, "45": 21005221.000000000, "46": 6843518.000000000, "47": 2570074.000000000, "48": 31083269.000000000, "49": 10071462.000000000, "50": 24646504.000000000, "51": 4203796.000000000, "52": 11625133.000000000, "53": 39492534.000000000, "54": 4908239.000000000, "55": 905728.000000000, "56": 269235250.000000000, "57": 606414003.000000000, "58": 187047523.000000000, "59": 56196112.000000000, "60": 5183560.000000000, "61": 272119943.000000000, "62": 351626202.000000000, "63": 3164056148.000000000, "64": 623263318.000000000, "65": 310852758.000000000, "66": 562971944.000000000, "67": 2215585988.000000000, "68": 2309146451.000000000, "69": 823621903.000000000, "70": 271384985.000000000, "71": 556338153.000000000, "72": 1441605180.000000000, "73": 313625709.000000000, "74": 1076258805.000000000, "75": 17515006.000000000, "76": 393818303.000000000, "77": 277131285.000000000, "78": 698678215.000000000, "79": 802518046.000000000, "80": 328086096.000000000, "81": 117588832.000000000, "82": 40032671.000000000, "83": 295121701.000000000, "84": 209073910.000000000, "85": 217041030.000000000, "86": 133827018.000000000, "87": 33657272.000000000, "88": 1253795485.000000000, "89": 44500716.000000000, "90": 745200389.000000000}