{"17": 301660.000000000, "18": 3209723.000000000, "19": 801392.000000000, "1": 9249835972.000000000, "2": 6144667215.000000000, "3": 185711639.000000000, "4": 210274975.000000000, "5": 452665224.000000000, "6": 713191803.000000000, "7": 261648438.000000000, "8": 3927196350.000000000, "9": 164589826.000000000, "10": 62989685.000000000, "11": 603139577.000000000, "12": 1361944248.000000000, "13": 115400204.000000000, "14": 2684077.000000000, "15": 47864882.000000000, "16": 0.000000000, "20": 363303.000000000, "21": 66000.000000000, "22": 66042659.000000000, "23": 60924516.000000000, "24": 100241547.000000000, "25": 281430669.000000000, "26": 153459822.000000000, "27": 152914299.000000000, "28": 154044588.000000000, "29": 546558136.000000000, "30": 1042798187.000000000, "31": 1995541489.000000000, "32": 1625190756.000000000, "33": 195516493.000000000, "34": 682213288.000000000, "35": 1108971990.000000000, "36": 64777266.000000000, "37": 611618771.000000000, "38": 56705196.000000000, "39": 57592581.000000000, "40": 40940132.000000000, "41": 18016287.000000000, "42": 8934152.000000000, "43": 1518638.000000000, "44": 43311159.000000000, "45": 19723222.000000000, "46": 6681178.000000000, "47": 2560847.000000000, "48": 31110246.000000000, "49": 8449758.000000000, "50": 18232501.000000000, "51": 4593921.000000000, "52": 11627962.000000000, "53": 35274737.000000000, "54": 4849625.000000000, "55": 905728.000000000, "56": 260792963.000000000, "57": 589601968.000000000, "58": 70276822.000000000, "59": 41948894.000000000, "60": 4842758.000000000, "61": 107191433.000000000, "62": 78932100.000000000, "63": 177274630.000000000, "64": 308711882.000000000, "65": 156338574.000000000, "66": 370719048.000000000, "67": 1299492468.000000000, "68": 1099162451.000000000, "69": 369941481.000000000, "70": 164837089.000000000, "71": 366234068.000000000, "72": 182693976.000000000, "73": 184631406.000000000, "74": 427412672.000000000, "75": 17268389.000000000, "76": 320922300.000000000, "77": 233695805.000000000, "78": 574528744.000000000, "79": 813935289.000000000, "80": 280805126.000000000, "81": 111102171.000000000, "82": 36359720.000000000, "83": 272156893.000000000, "84": 98400581.000000000, "85": 106212628.000000000, "86": 39431929.000000000, "87": 22479582.000000000, "88": 249457074.000000000, "89": 21018399.000000000, "90": 85986616.000000000}