{"17": 301660.000000000, "18": 3209723.000000000, "19": 801392.000000000, "1": 9249835972.000000000, "2": 6144667215.000000000, "3": 185711639.000000000, "4": 210274975.000000000, "5": 452665224.000000000, "6": 713191803.000000000, "7": 261648438.000000000, "8": 3927196350.000000000, "9": 164589826.000000000, "10": 62989685.000000000, "11": 603139577.000000000, "12": 1361944248.000000000, "13": 115400204.000000000, "14": 2684077.000000000, "15": 47864882.000000000, "16": 0.000000000, "20": 363303.000000000, "21": 66000.000000000, "22": 66042659.000000000, "23": 60924516.000000000, "24": 100241547.000000000, "25": 281430669.000000000, "26": 153459822.000000000, "27": 152914299.000000000, "28": 154044588.000000000, "29": 546558136.000000000, "30": 1042798187.000000000, "31": 1995541489.000000000, "32": 1625190756.000000000, "33": 195516493.000000000, "34": 682213288.000000000, "35": 1108971990.000000000, "36": 64777266.000000000, "37": 611618771.000000000, "38": 56705196.000000000, "39": 57592581.000000000, "40": 40940132.000000000, "41": 18016287.000000000, "42": 8934152.000000000, "43": 1518638.000000000, "44": 43311159.000000000, "45": 19723222.000000000, "46": 6681178.000000000, "47": 2560847.000000000, "48": 31110246.000000000, "49": 8449758.000000000, "50": 18232501.000000000, "51": 4593921.000000000, "52": 11627962.000000000, "53": 35274737.000000000, "54": 4849625.000000000, "55": 905728.000000000, "56": 264726539.000000000, "57": 598232674.000000000, "58": 74077099.000000000, "59": 42557058.000000000, "60": 4932629.000000000, "61": 112763621.000000000, "62": 80937042.000000000, "63": 179292676.000000000, "64": 313234287.000000000, "65": 160427489.000000000, "66": 372755968.000000000, "67": 1351627063.000000000, "68": 1209750329.000000000, "69": 377136633.000000000, "70": 175470583.000000000, "71": 366521314.000000000, "72": 193754917.000000000, "73": 194090479.000000000, "74": 429662240.000000000, "75": 17441977.000000000, "76": 322174400.000000000, "77": 234056851.000000000, "78": 578400841.000000000, "79": 818121804.000000000, "80": 291637203.000000000, "81": 113379076.000000000, "82": 40149366.000000000, "83": 283290704.000000000, "84": 101742470.000000000, "85": 106938593.000000000, "86": 41768945.000000000, "87": 23957805.000000000, "88": 265052617.000000000, "89": 24357088.000000000, "90": 93710717.000000000}