{"1": 14600713070.000000000, "2": 14912891030.000000000, "3": 965496660.000000000, "4": 421016380.000000000, "5": 760626050.000000000, "6": 1744139060.000000000, "7": 899805970.000000000, "8": 18644298230.000000000, "9": 936434330.000000000, "10": 342921520.000000000, "11": 2508025670.000000000, "12": 9387976400.000000000, "13": 847840950.000000000, "14": 26451940.000000000, "15": 497774510.000000000, "16": 20796010.000000000, "17": 4957210.000000000, "18": 25238730.000000000, "19": 2188390.000000000, "20": 1818790.000000000, "21": 521190.000000000, "22": 479765670.000000000, "23": 333840560.000000000, "24": 559898360.000000000, "25": 2248955450.000000000, "26": 1268393200.000000000, "27": 1139158070.000000000, "28": 1225997970.000000000, "29": 2764129810.000000000, "30": 4292446840.000000000, "31": 1452797700.000000000, "32": 1590277100.000000000, "33": 232789270.000000000, "34": 386826320.000000000, "35": 508669020.000000000, "36": 418631250.000000000, "37": 1078865620.000000000, "38": 95343290.000000000, "39": 288561200.000000000, "40": 319756410.000000000, "41": 157961650.000000000, "42": 69716050.000000000, "43": 15857380.000000000, "44": 389014520.000000000, "45": 173122580.000000000, "46": 46604970.000000000, "47": 18225400.000000000, "48": 139797360.000000000, "49": 50419780.000000000, "50": 115024340.000000000, "51": 42131240.000000000, "52": 78186370.000000000, "53": 224000530.000000000, "54": 35983740.000000000, "55": 8695910.000000000, "56": 970617556.000000000, "57": 1327821199.000000000, "58": 476086623.000000000, "59": 351520801.000000000, "60": 45387746.000000000, "61": 657303868.000000000, "62": 468492870.000000000, "63": 1284920941.000000000, "64": 1249105820.000000000, "65": 700177179.000000000, "66": 873802653.000000000, "67": 2763838318.000000000, "68": 2239953044.000000000, "69": 2332211365.000000000, "70": 355694365.000000000, "71": 1945358749.000000000, "72": 1284971031.000000000, "73": 377487886.000000000, "74": 862705499.000000000, "75": 124785796.000000000, "76": 765888916.000000000, "77": 659412784.000000000, "78": 1105640957.000000000, "79": 449779628.000000000, "80": 1189832310.000000000, "81": 283298117.000000000, "82": 248520751.000000000, "83": 514184289.000000000, "84": 695884774.000000000, "85": 560217418.000000000, "86": 265263006.000000000, "87": 199504682.000000000, "88": 1089542446.000000000, "89": 230553334.000000000, "90": 1018881088.000000000}