{"1": 14493866400.000000000, "2": 14908355160.000000000, "3": 964606340.000000000, "4": 418118760.000000000, "5": 754796110.000000000, "6": 1736190090.000000000, "7": 899805970.000000000, "8": 18504454740.000000000, "9": 936434330.000000000, "10": 342921520.000000000, "11": 2471159120.000000000, "12": 9387976400.000000000, "13": 847840950.000000000, "14": 26451940.000000000, "15": 484553250.000000000, "16": 20796010.000000000, "17": 4957210.000000000, "18": 25238730.000000000, "19": 2188390.000000000, "20": 1818790.000000000, "21": 521190.000000000, "22": 479765670.000000000, "23": 333840560.000000000, "24": 559898360.000000000, "25": 2248955450.000000000, "26": 1268393200.000000000, "27": 1139158070.000000000, "28": 1225997970.000000000, "29": 2754716920.000000000, "30": 4292446840.000000000, "31": 1433086880.000000000, "32": 1570700070.000000000, "33": 228802860.000000000, "34": 377875270.000000000, "35": 482731280.000000000, "36": 418325540.000000000, "37": 1078865620.000000000, "38": 93953900.000000000, "39": 275250780.000000000, "40": 319756410.000000000, "41": 157961650.000000000, "42": 69716050.000000000, "43": 15857380.000000000, "44": 387491800.000000000, "45": 172873280.000000000, "46": 45110590.000000000, "47": 18225400.000000000, "48": 139797360.000000000, "49": 50419780.000000000, "50": 115024340.000000000, "51": 41657600.000000000, "52": 76928160.000000000, "53": 222034410.000000000, "54": 35983740.000000000, "55": 8695910.000000000, "56": 519763856.000000000, "57": 597907415.000000000, "58": 433392131.000000000, "59": 272953530.000000000, "60": 16306626.000000000, "61": 330377925.000000000, "62": 378610197.000000000, "63": 1119690895.000000000, "64": 981961106.000000000, "65": 217657910.000000000, "66": 681111720.000000000, "67": 977079502.000000000, "68": 798866803.000000000, "69": 1067627482.000000000, "70": 355602560.000000000, "71": 1924256487.000000000, "72": 881859575.000000000, "73": 101167826.000000000, "74": 656726686.000000000, "75": 124785796.000000000, "76": 765888916.000000000, "77": 659412784.000000000, "78": 993944529.000000000, "79": 391800804.000000000, "80": 442733918.000000000, "81": 193841877.000000000, "82": 168244637.000000000, "83": 136492201.000000000, "84": 321170292.000000000, "85": 443814445.000000000, "86": 175656568.000000000, "87": 147549669.000000000, "88": 949787838.000000000, "89": 190910773.000000000, "90": 624934670.000000000}