{"placements": [{"x": 1738.206857798, "y": 1172.000000000}, {"x": 1727.863960108, "y": 1172.000000000}]}