{"placements": [{"x": 1728.764906282, "y": 1180.322289488}, {"x": 1768.606188794, "y": 1174.195508024}], "volumes": [10.000000000, 10.000000000]}