{"placements": [{"x": 1262.241906957, "y": 3242.563104980}, {"x": 1261.738952572, "y": 2483.190054375}, {"x": 1261.658300086, "y": 3219.980863711}], "volumes": [10.000000000, 10.000000000, 10.000000000]}