{"placements": [{"x": 1256.000000000, "y": 3225.000000000}, {"x": 1256.000000000, "y": 2485.000000000}, {"x": 1256.000000000, "y": 3235.000000000}], "volumes": [10.000000000, 10.000000000, 10.000000000]}