{"1": 14611428140.000000000, "2": 14912891030.000000000, "3": 967943600.000000000, "4": 422070410.000000000, "5": 760694500.000000000, "6": 1749955890.000000000, "7": 900027350.000000000, "8": 18644298230.000000000, "9": 941820470.000000000, "10": 342921520.000000000, "11": 2508025670.000000000, "12": 8925620410.000000000, "13": 851611070.000000000, "14": 23887740.000000000, "15": 497774510.000000000, "16": 0.000000000, "17": 3174250.000000000, "18": 13987760.000000000, "19": 2047360.000000000, "20": 1073290.000000000, "21": 465660.000000000, "22": 0.000000000, "23": 0.000000000, "24": 0.000000000, "25": 0.000000000, "26": 0.000000000, "27": 0.000000000, "28": 1227080590.000000000, "29": 2777098950.000000000, "30": 4298338430.000000000, "31": 1457859920.000000000, "32": 1590277100.000000000, "33": 232789270.000000000, "34": 386826320.000000000, "35": 508669020.000000000, "36": 420286450.000000000, "37": 1085194580.000000000, "38": 96448300.000000000, "39": 288561200.000000000, "40": 316691010.000000000, "41": 159657690.000000000, "42": 69716050.000000000, "43": 15857380.000000000, "44": 390880260.000000000, "45": 173353080.000000000, "46": 46604970.000000000, "47": 17785360.000000000, "48": 134037510.000000000, "49": 48979680.000000000, "50": 111373810.000000000, "51": 42131240.000000000, "52": 78186370.000000000, "53": 224000530.000000000, "54": 35723080.000000000, "55": 8693660.000000000, "56": 967842246.000000000, "57": 1327821199.000000000, "58": 476086623.000000000, "59": 365723512.000000000, "60": 45387746.000000000, "61": 658466438.000000000, "62": 469065499.000000000, "63": 1284920941.000000000, "64": 1249209421.000000000, "65": 700177179.000000000, "66": 873802653.000000000, "67": 2763838318.000000000, "68": 2239953044.000000000, "69": 2332296597.000000000, "70": 355694898.000000000, "71": 1945358749.000000000, "72": 1294537202.000000000, "73": 377487886.000000000, "74": 862705499.000000000, "75": 124785796.000000000, "76": 765888916.000000000, "77": 659412784.000000000, "78": 1105640957.000000000, "79": 431703953.000000000, "80": 1189832310.000000000, "81": 282458920.000000000, "82": 248520751.000000000, "83": 514184289.000000000, "84": 695884774.000000000, "85": 560217418.000000000, "86": 266480930.000000000, "87": 199504682.000000000, "88": -2.000000000, "89": 230553334.000000000, "90": 1018881088.000000000}