{"1": 14611428140.000000000, "2": 14912891030.000000000, "3": 967943600.000000000, "4": 422070410.000000000, "5": 760694500.000000000, "6": 1749955890.000000000, "7": 900027350.000000000, "8": 18644298230.000000000, "9": 941820470.000000000, "10": 342921520.000000000, "11": 2508025670.000000000, "12": 8925620410.000000000, "13": 851611070.000000000, "14": 23887740.000000000, "15": 497774510.000000000, "16": 0.000000000, "17": 3174250.000000000, "18": 13987760.000000000, "19": 2047360.000000000, "20": 1074620.000000000, "21": 465660.000000000, "22": 482647780.000000000, "23": 329650560.000000000, "24": 552758970.000000000, "25": 2242913130.000000000, "26": 1269489550.000000000, "27": 1142974160.000000000, "28": 1227080590.000000000, "29": 2777098950.000000000, "30": 4298338430.000000000, "31": 1457859920.000000000, "32": 1590277100.000000000, "33": 232789270.000000000, "34": 386826320.000000000, "35": 508669020.000000000, "36": 420286450.000000000, "37": 1085194580.000000000, "38": 96448300.000000000, "39": 288561200.000000000, "40": 316691010.000000000, "41": 159657690.000000000, "42": 69716050.000000000, "43": 15857380.000000000, "44": 390880260.000000000, "45": 173353080.000000000, "46": 46604970.000000000, "47": 17785360.000000000, "48": 134037510.000000000, "49": 48979680.000000000, "50": 111373810.000000000, "51": 42131240.000000000, "52": 78186370.000000000, "53": 224000530.000000000, "54": 35723080.000000000, "55": 8693660.000000000, "56": 985165498.000000000, "57": 1327821199.000000000, "58": 476086623.000000000, "59": 365723512.000000000, "60": 45387746.000000000, "61": 658466438.000000000, "62": 472989949.000000000, "63": 1425346312.000000000, "64": 1271922909.000000000, "65": 710176406.000000000, "66": 919147394.000000000, "67": 2836940520.000000000, "68": 2289004745.000000000, "69": 2363762542.000000000, "70": 359765694.000000000, "71": 1982483603.000000000, "72": 1344067552.000000000, "73": 383335579.000000000, "74": 863926969.000000000, "75": 125728581.000000000, "76": 765888916.000000000, "77": 659412784.000000000, "78": 1116862058.000000000, "79": 441352164.000000000, "80": 1212534962.000000000, "81": 287902768.000000000, "82": 251582632.000000000, "83": 518548722.000000000, "84": 703596792.000000000, "85": 560939654.000000000, "86": 267313962.000000000, "87": 199504682.000000000, "88": 1085021089.000000000, "89": 230553334.000000000, "90": 1018881088.000000000}