{"1": 14645478180.000000000, "2": 14625935110.000000000, "3": 963729370.000000000, "4": 423651540.000000000, "5": 781075300.000000000, "6": 1748050650.000000000, "7": 908338460.000000000, "8": 17597174840.000000000, "9": 934379490.000000000, "10": 340065710.000000000, "11": 2510236770.000000000, "12": 9794427370.000000000, "13": 864646810.000000000, "14": 26653370.000000000, "15": 543699850.000000000, "16": 14415500.000000000, "17": 2932510.000000000, "18": 16335240.000000000, "19": 2391350.000000000, "20": 1440960.000000000, "21": 337950.000000000, "22": 479383200.000000000, "23": 328968190.000000000, "24": 558716590.000000000, "25": 2247487840.000000000, "26": 1264399360.000000000, "27": 1140442860.000000000, "28": 1192997250.000000000, "29": 2733870380.000000000, "30": 4300227240.000000000, "31": 1504558840.000000000, "32": 1603420760.000000000, "33": 181090360.000000000, "34": 384926820.000000000, "35": 519970080.000000000, "36": 407739660.000000000, "37": 1081986380.000000000, "38": 97935060.000000000, "39": 274730390.000000000, "40": 320056970.000000000, "41": 158497690.000000000, "42": 68199860.000000000, "43": 15522410.000000000, "44": 388634610.000000000, "45": 176926530.000000000, "46": 44971890.000000000, "47": 10249350.000000000, "48": 131859140.000000000, "49": 47951590.000000000, "50": 111777480.000000000, "51": 41284530.000000000, "52": 76730280.000000000, "53": 222129610.000000000, "54": 33198440.000000000, "55": 8677800.000000000, "56": 965219761.000000000, "57": 1309702206.000000000, "58": 450062939.000000000, "59": 352080295.000000000, "60": 39125295.000000000, "61": 647018225.000000000, "62": 419551166.000000000, "63": 1440348375.000000000, "64": 1213198301.000000000, "65": 701191186.000000000, "66": 739195743.000000000, "67": 2785379973.000000000, "68": 2078458182.000000000, "69": 2289483094.000000000, "70": 300506455.000000000, "71": 1899857456.000000000, "72": 1314660077.000000000, "73": 377010046.000000000, "74": 848899380.000000000, "75": 96391807.000000000, "76": 735026773.000000000, "77": 653884054.000000000, "78": 1084373386.000000000, "79": 457495984.000000000, "80": 1166670476.000000000, "81": 275226869.000000000, "82": 247496996.000000000, "83": 525572081.000000000, "84": 697110554.000000000, "85": 512879961.000000000, "86": 267797946.000000000, "87": 194219159.000000000, "88": 1150503408.000000000, "89": 228334716.000000000, "90": 1005368159.000000000}