{"1": 14503346140.000000000, "2": 14820632110.000000000, "3": 968516800.000000000, "4": 423807870.000000000, "5": 756384060.000000000, "6": 1745486890.000000000, "7": 898881780.000000000, "8": 18559047140.000000000, "9": 948291800.000000000, "10": 345889480.000000000, "11": 2507961530.000000000, "12": 9039203390.000000000, "13": 848754260.000000000, "14": 25649310.000000000, "15": 543132160.000000000, "16": 30451470.000000000, "17": 3633850.000000000, "18": 13926830.000000000, "19": 2043950.000000000, "20": 1067300.000000000, "21": 468780.000000000, "22": -2.000000000, "23": -2.000000000, "24": -2.000000000, "25": -2.000000000, "26": -2.000000000, "27": -2.000000000, "28": 1229874670.000000000, "29": 2771963210.000000000, "30": 4301500490.000000000, "31": 1457097110.000000000, "32": 1589306960.000000000, "33": 232809580.000000000, "34": 398596520.000000000, "35": 507896770.000000000, "36": 417440980.000000000, "37": 1104010100.000000000, "38": 94567160.000000000, "39": 290444230.000000000, "40": 321009780.000000000, "41": 160693800.000000000, "42": 69716050.000000000, "43": 15857380.000000000, "44": 411028500.000000000, "45": 180405840.000000000, "46": 46606340.000000000, "47": 17948320.000000000, "48": 136771200.000000000, "49": 47590690.000000000, "50": 113196400.000000000, "51": 42142570.000000000, "52": 78020230.000000000, "53": 225686840.000000000, "54": 35748340.000000000, "55": 8693660.000000000, "56": 1003578174.000000000, "57": 1351341571.000000000, "58": 441516469.000000000, "59": 347924908.000000000, "60": 45068955.000000000, "61": 600255396.000000000, "62": 366288984.000000000, "63": 933179898.000000000, "64": 1121003437.000000000, "65": 654319217.000000000, "66": 837334472.000000000, "67": 2722091070.000000000, "68": 2189727459.000000000, "69": 2088561206.000000000, "70": 345065894.000000000, "71": 1865825458.000000000, "72": 1173090413.000000000, "73": 352490855.000000000, "74": 837134381.000000000, "75": 125351218.000000000, "76": 778225090.000000000, "77": 660421131.000000000, "78": 1099262716.000000000, "79": 442190234.000000000, "80": 1187684526.000000000, "81": 295637892.000000000, "82": 251775428.000000000, "83": 545735225.000000000, "84": 661101961.000000000, "85": 487221969.000000000, "86": 232496772.000000000, "87": 198915959.000000000, "88": 947961989.000000000, "89": 198199275.000000000, "90": 677880281.000000000}