{"1": 14611428140.000000000, "2": 14912891030.000000000, "3": 968516800.000000000, "4": 423807870.000000000, "5": 760694500.000000000, "6": 1749955890.000000000, "7": 900027350.000000000, "8": 18644298230.000000000, "9": 948291800.000000000, "10": 345889480.000000000, "11": 2508025670.000000000, "12": 9387976400.000000000, "13": 851611070.000000000, "14": 26451940.000000000, "15": 543132160.000000000, "16": 30451470.000000000, "17": 4957210.000000000, "18": 25238730.000000000, "19": 2188390.000000000, "20": 1818790.000000000, "21": 521190.000000000, "22": 479765670.000000000, "23": 333840560.000000000, "24": 559898360.000000000, "25": 2248955450.000000000, "26": 1268393200.000000000, "27": 1139158070.000000000, "28": 1229874670.000000000, "29": 2777098950.000000000, "30": 4301500490.000000000, "31": 1457859920.000000000, "32": 1590277100.000000000, "33": 232809580.000000000, "34": 398596520.000000000, "35": 508669020.000000000, "36": 420286450.000000000, "37": 1104010100.000000000, "38": 96448300.000000000, "39": 290444230.000000000, "40": 321009780.000000000, "41": 160693800.000000000, "42": 69716050.000000000, "43": 15857380.000000000, "44": 411028500.000000000, "45": 180405840.000000000, "46": 46606340.000000000, "47": 18225400.000000000, "48": 139797360.000000000, "49": 50419780.000000000, "50": 115024340.000000000, "51": 42142570.000000000, "52": 78186370.000000000, "53": 225686840.000000000, "54": 35983740.000000000, "55": 8695910.000000000, "56": 1003578174.000000000, "57": 1351341571.000000000, "58": 476086623.000000000, "59": 365723512.000000000, "60": 45387746.000000000, "61": 658466438.000000000, "62": 469065499.000000000, "63": 1349112766.000000000, "64": 1249209421.000000000, "65": 700177179.000000000, "66": 873802653.000000000, "67": 2763838318.000000000, "68": 2239953044.000000000, "69": 2332296597.000000000, "70": 355694898.000000000, "71": 1945358749.000000000, "72": 1294537202.000000000, "73": 377487886.000000000, "74": 862705499.000000000, "75": 125351218.000000000, "76": 778225090.000000000, "77": 660421131.000000000, "78": 1105640957.000000000, "79": 449779628.000000000, "80": 1189832310.000000000, "81": 295637892.000000000, "82": 251775428.000000000, "83": 545735225.000000000, "84": 695884774.000000000, "85": 560217418.000000000, "86": 267313962.000000000, "87": 199504682.000000000, "88": 1089542446.000000000, "89": 230553334.000000000, "90": 1018881088.000000000}