{"1": -2.000000000, "2": -2.000000000, "3": -2.000000000, "4": -2.000000000, "5": -2.000000000, "6": -2.000000000, "7": -2.000000000, "8": -2.000000000, "9": -2.000000000, "10": -2.000000000, "11": -2.000000000, "12": -2.000000000, "13": -2.000000000, "14": -2.000000000, "15": -2.000000000, "16": -2.000000000, "17": -2.000000000, "18": -2.000000000, "19": -2.000000000, "20": -2.000000000, "21": -2.000000000, "22": -2.000000000, "23": -2.000000000, "24": -2.000000000, "25": -2.000000000, "26": -2.000000000, "27": -2.000000000, "28": -2.000000000, "29": -2.000000000, "30": -2.000000000, "31": -2.000000000, "32": -2.000000000, "33": -2.000000000, "34": -2.000000000, "35": -2.000000000, "36": -2.000000000, "37": -2.000000000, "38": -2.000000000, "39": -2.000000000, "40": -2.000000000, "41": -2.000000000, "42": -2.000000000, "43": -2.000000000, "44": -2.000000000, "45": -2.000000000, "46": -2.000000000, "47": -2.000000000, "48": -2.000000000, "49": -2.000000000, "50": -2.000000000, "51": -2.000000000, "52": -2.000000000, "53": -2.000000000, "54": -2.000000000, "55": -2.000000000, "56": -2.000000000, "57": -2.000000000, "58": -2.000000000, "59": -2.000000000, "60": -2.000000000, "61": -2.000000000, "62": -2.000000000, "63": -2.000000000, "64": -2.000000000, "65": -2.000000000, "66": -2.000000000, "67": -2.000000000, "68": -2.000000000, "69": -2.000000000, "70": -2.000000000, "71": -2.000000000, "72": -2.000000000, "73": -2.000000000, "74": -2.000000000, "75": -2.000000000, "76": -2.000000000, "77": -2.000000000, "78": -2.000000000, "79": -2.000000000, "80": -2.000000000, "81": -2.000000000, "82": -2.000000000, "83": -2.000000000, "84": -2.000000000, "85": -2.000000000, "86": -2.000000000, "87": -2.000000000, "88": -2.000000000, "89": -2.000000000, "90": -2.000000000}