{"1": 11357104240.000000000, "2": 11069633090.000000000, "3": 670119850.000000000, "4": 344955590.000000000, "5": 385941030.000000000, "6": 1023941040.000000000, "7": 554845460.000000000, "8": 15409504710.000000000, "9": 788057480.000000000, "10": 279623260.000000000, "11": 2347713550.000000000, "12": 9387976400.000000000, "13": 699330400.000000000, "14": 23976320.000000000, "15": 363832190.000000000, "16": 0.000000000, "17": 4957210.000000000, "18": 25238730.000000000, "19": 2120820.000000000, "20": 1818790.000000000, "21": 397440.000000000, "22": 475591420.000000000, "23": 331832310.000000000, "24": 557407020.000000000, "25": 2248955450.000000000, "26": 1254861700.000000000, "27": 1134390130.000000000, "28": 1090202520.000000000, "29": 2514618810.000000000, "30": 4105701850.000000000, "31": 1236973970.000000000, "32": 1008612030.000000000, "33": 162832970.000000000, "34": 268016670.000000000, "35": 401355850.000000000, "36": 390975370.000000000, "37": 1002004870.000000000, "38": 87820370.000000000, "39": 245071860.000000000, "40": 250092170.000000000, "41": 130966860.000000000, "42": 57910970.000000000, "43": 14149700.000000000, "44": 306322900.000000000, "45": 166360930.000000000, "46": 20822730.000000000, "47": 16870900.000000000, "48": 92545960.000000000, "49": 19265600.000000000, "50": 90494910.000000000, "51": 15628100.000000000, "52": 70824850.000000000, "53": 157588320.000000000, "54": 32003340.000000000, "55": 8400700.000000000, "56": 828556915.000000000, "57": 1132601465.000000000, "58": 441927731.000000000, "59": 293578385.000000000, "60": 35856876.000000000, "61": 447158364.000000000, "62": 313057673.000000000, "63": 308433747.000000000, "64": 809603814.000000000, "65": 581934107.000000000, "66": 316278604.000000000, "67": 1785128543.000000000, "68": 1744959912.000000000, "69": 1172127066.000000000, "70": 270828480.000000000, "71": 1331540617.000000000, "72": 1081641068.000000000, "73": 325117961.000000000, "74": 539477049.000000000, "75": 109876883.000000000, "76": 544494048.000000000, "77": 338199380.000000000, "78": 727158016.000000000, "79": 449779628.000000000, "80": 1000217999.000000000, "81": 238135617.000000000, "82": 237752548.000000000, "83": 476179979.000000000, "84": 473459438.000000000, "85": 328868822.000000000, "86": 212262521.000000000, "87": 124916386.000000000, "88": 883303131.000000000, "89": 200674802.000000000, "90": 732651655.000000000}