{"placements": [{"x": 1739.000000000, "y": 1172.000000000}, {"x": 1729.000000000, "y": 1172.000000000}], "volumes": [10.000000000, 10.000000000]}