{"placements": [{"x": 1264.000000000, "y": 3235.000000000}, {"x": 1264.000000000, "y": 2485.000000000}, {"x": 1264.000000000, "y": 3220.000000000}], "volumes": [10.000000000, 10.000000000, 10.000000000]}