{"placements": [{"x": 1264.000000000, "y": 3231.673122043}, {"x": 1264.000000000, "y": 2486.011979557}, {"x": 1264.000000000, "y": 3241.673122204}], "volumes": [10.000000000, 10.000000000, 10.000000000]}