{"placements": [{"x": 988.000000000, "y": 1370.000000000}, {"x": 810.000000000, "y": 1504.000000000}], "volumes": [10.000000000, 10.000000000]}