{"placements": [{"x": 1736.000000000, "y": 1172.000000000}, {"x": 1746.000000000, "y": 1172.000000000}], "volumes": [10.000000000, 10.000000000]}