{"placements": [{"x": 1264.000000000, "y": 3227.000000000}, {"x": 1264.000000000, "y": 2487.000000000}, {"x": 1264.000000000, "y": 3237.000000000}], "volumes": [10.000000000, 10.000000000, 10.000000000]}