{"placements": [{"x": 1264.000000000, "y": 3228.000000000}, {"x": 1264.000000000, "y": 2488.000000000}, {"x": 1264.000000000, "y": 3238.000000000}], "volumes": [10.000000000, 10.000000000, 10.000000000]}