{"placements": [{"x": 1264.000000000, "y": 3230.000000000}, {"x": 1264.000000000, "y": 2490.000000000}, {"x": 1264.000000000, "y": 3240.000000000}], "volumes": [10.000000000, 10.000000000, 10.000000000]}