{"placements":[{"x":1741.8041605009694,"y":1172.000000441504},{"x":1731.8041553266557,"y":1172.0000122416006}]}