{"placements":[{"x":1263.9999990701026,"y":3242.8901554801782},{"x":1263.9999666419933,"y":2486.1681494535933},{"x":1263.6564662841813,"y":3219.8824834332822}],"volumes":[10.0,10.0,10.0]}