{"placements": [{"x": 1264.000000000, "y": 3234.000000000}, {"x": 1264.000000000, "y": 2488.000000000}, {"x": 1264.000000000, "y": 3244.000010000}], "volumes": [10.000000000, 10.000000000, 10.000000000]}