{"placements": [{"x": 1736.995437180, "y": 1172.000000000}, {"x": 1747.811224750, "y": 1172.000000000}]}