{"placements": [{"x": 1264.000000000, "y": 3231.673122043}, {"x": 1264.000000000, "y": 2490.534160220}, {"x": 1264.000000000, "y": 3241.673122093}]}