{"placements": [{"x": 1738.206823078, "y": 1172.000000000}, {"x": 1749.696176374, "y": 1172.000000000}], "volumes": [10.000000000, 10.000000000]}