{"placements": [{"x": 1264.000000000, "y": 3234.111611198}, {"x": 1264.000000000, "y": 2486.150767608}, {"x": 1264.000000000, "y": 3223.216782029}], "volumes": [10.000000000, 10.000000000, 10.000000000]}